category,insight,details,slope,cv
Time Range,ðŸ“… Time Range: 2013-10-01 to 2015-08-01 (669 days),Coverage: 1.8 years,,
Data Coverage,Data Density Analysis,Data Coverage: 23/670 days (3.4%),,
Monthly Patterns,Monthly Pattern: Best in April (Month 4),Worst in month 9,,
Weekly Patterns,Weekly Pattern: Highest values on Wednesday,Day Wednesday shows peak performance,,
Trend Analysis,totalpremium Trend,UPWARD trend (0.0000 per period),2.1286846441768702e-05,
Trend Analysis,totalclaims Trend,DOWNWARD trend (0.0000 per period),-2.8623466692147872e-05,
Seasonality,totalpremium Seasonality,Coefficient of Variation: 360.8%,,
Volatility,totalpremium Volatility Analysis,"Avg: 118.42, Peak: 13002.88, Ratio: 109.80",,
Anomalies,totalpremium Anomaly Detection,"209,042 anomalies (20.9%)",,
Recommendations,Analytical Next Steps,"Consider deeper seasonality analysis (weekly, daily patterns)",,
Recommendations,Analytical Next Steps,Analyze lead-lag relationships between key metrics,,
Recommendations,Analytical Next Steps,Implement forecasting models based on identified patterns,,
Recommendations,Analytical Next Steps,Investigate causes of volatility spikes,,
Recommendations,Analytical Next Steps,Validate anomaly detection with business rules,,
